Week,Easy cookie recipes: (Canada),Buttermilk recipes: (Canada),Butternut squash recipes: (Canada),Sourdough discard recipes: (Canada),Scalloped potatoes recipes: (Canada),Bread recipes: (Canada),Coleslaw recipes: (Canada),Crock Pot recipes: (Canada),Breakfast recipes: (Canada),Air fryer recipes: (Canada),The Sirtfood diet: (Canada),GERD diet: (Canada),The Candida diet: (Canada),Keto diet: (Canada),Plant-based diet: (Canada),Anti-inflammatory diet: (Canada),Fatty liver diet: (Canada),DASH diet: (Canada),Alkaline diet: (Canada),IBS diet: (Canada),How to apply for EI: (Canada),How to get tested for Coronavirus: (Canada),Easy Cookie Recipes - Comparison,Buttermilk Recipes - Comparison,Butternut squash recipes - Comparison,Sourdough discard recipes - Comparison,Scalloped potatoes recipes - Comparison,Bread recipes - Comparison,Coleslaw recipes - Comparison,Crockpot recipes - Comparison,Breakfast recipes - Comparison,Air fryer recipes - Comparison
2016-04-03,26,45,7,0,6,21,67,48,33,0,,,,,,,,,,,,,,,,,,,,,,
2016-04-10,26,28,14,0,12,27,69,42,58,1,,,,,,,,,,,,,,,,,,,,,,
2016-04-17,27,19,7,0,0,24,12,46,56,0,0.0,55.0,0.0,3.0,0.0,0.0,13.0,28.0,0.0,53.0,,,,,,,,,,,,
2016-04-24,9,28,22,0,18,30,0,43,65,0,0.0,37.0,0.0,5.0,0.0,29.0,38.0,23.0,93.0,0.0,,,,,,,,,,,,
2016-05-01,9,38,7,0,0,23,12,27,53,1,0.0,19.0,0.0,3.0,0.0,0.0,0.0,12.0,47.0,0.0,,,,,,,,,,,,
2016-05-08,18,10,11,0,0,24,12,24,35,1,0.0,38.0,0.0,2.0,0.0,29.0,0.0,12.0,47.0,11.0,,,,,,,,,,,,
2016-05-15,9,20,19,0,6,26,0,45,33,0,0.0,0.0,0.0,3.0,0.0,0.0,0.0,12.0,24.0,22.0,,,,,,,,,,,,
2016-05-22,20,20,16,0,7,29,38,61,68,1,0.0,20.0,0.0,2.0,0.0,31.0,0.0,12.0,50.0,45.0,,,,,,,,,,,,
2016-05-29,9,10,26,0,0,30,24,24,43,0,0.0,19.0,0.0,6.0,0.0,0.0,13.0,12.0,36.0,11.0,,,,,,,,,,,,
2016-06-05,9,38,0,0,6,28,0,37,21,0,0.0,19.0,0.0,4.0,0.0,29.0,52.0,18.0,12.0,32.0,,,,,,,,,,,,
2016-06-12,27,29,15,0,13,26,12,51,54,0,0.0,19.0,0.0,4.0,43.0,29.0,0.0,23.0,23.0,43.0,,,,,,,,,,,,
2016-06-19,19,20,12,0,0,12,25,31,44,0,0.0,20.0,0.0,5.0,0.0,0.0,0.0,36.0,24.0,11.0,,,,,,,,,,,,
2016-06-26,19,20,12,0,7,24,25,25,49,2,0.0,40.0,23.0,3.0,0.0,0.0,14.0,19.0,37.0,57.0,,,,,,,,,,,,
2016-07-03,48,21,24,0,0,23,13,33,54,0,0.0,0.0,0.0,6.0,46.0,31.0,14.0,0.0,0.0,57.0,,,,,,,,,,,,
2016-07-10,10,10,16,0,0,22,0,25,34,0,0.0,0.0,0.0,6.0,0.0,0.0,14.0,19.0,89.0,34.0,,,,,,,,,,,,
2016-07-17,10,0,4,0,7,26,0,30,43,0,0.0,41.0,24.0,5.0,0.0,0.0,28.0,6.0,13.0,24.0,,,,,,,,,,,,
2016-07-24,10,21,25,0,0,23,13,26,51,0,0.0,0.0,0.0,5.0,0.0,33.0,43.0,13.0,13.0,48.0,,,,,,,,,,,,
2016-07-31,10,0,4,0,0,30,13,58,36,0,0.0,21.0,0.0,5.0,0.0,33.0,15.0,13.0,0.0,37.0,,,,,,,,,,,,
2016-08-07,10,11,0,0,0,18,39,52,39,0,0.0,41.0,24.0,5.0,48.0,0.0,0.0,13.0,13.0,24.0,,,,,,,,,,,,
2016-08-14,11,11,9,0,0,27,0,23,36,0,0.0,21.0,0.0,6.0,0.0,0.0,15.0,7.0,13.0,49.0,,,,,,,,,,,,
2016-08-21,20,75,12,0,7,25,27,60,36,0,0.0,0.0,48.0,4.0,0.0,0.0,0.0,19.0,26.0,59.0,,,,,,,,,,,,
2016-08-28,10,21,4,0,0,17,13,37,66,0,0.0,20.0,0.0,5.0,0.0,31.0,14.0,13.0,38.0,12.0,,,,,,,,,,,,
2016-09-04,20,61,16,0,7,30,0,54,30,2,0.0,41.0,0.0,3.0,0.0,32.0,14.0,13.0,26.0,0.0,,,,,,,,,,,,
2016-09-11,28,60,11,0,0,38,0,67,33,1,0.0,0.0,22.0,6.0,0.0,0.0,27.0,30.0,36.0,22.0,,,,,,,,,,,,
2016-09-18,9,10,26,0,6,19,12,92,32,0,0.0,19.0,0.0,4.0,0.0,0.0,53.0,6.0,36.0,44.0,,,,,,,,,,,,
2016-09-25,28,0,45,0,6,24,0,55,43,0,0.0,0.0,0.0,5.0,0.0,30.0,0.0,24.0,48.0,11.0,,,,,,,,,,,,
2016-10-02,9,19,100,0,50,34,36,61,47,0,0.0,0.0,0.0,6.0,0.0,0.0,13.0,12.0,47.0,11.0,,,,,,,,,,,,
2016-10-09,10,39,81,0,13,37,0,100,54,1,0.0,0.0,0.0,5.0,0.0,0.0,26.0,18.0,0.0,33.0,,,,,,,,,,,,
2016-10-16,18,19,37,0,6,20,12,53,42,0,0.0,55.0,0.0,4.0,0.0,29.0,13.0,23.0,12.0,21.0,,,,,,,,,,,,
2016-10-23,18,19,44,0,6,24,36,65,54,0,0.0,19.0,0.0,6.0,0.0,0.0,0.0,18.0,0.0,22.0,,,,,,,,,,,,
2016-10-30,46,19,41,0,6,24,12,76,22,0,0.0,0.0,0.0,4.0,0.0,0.0,0.0,29.0,12.0,32.0,,,,,,,,,,,,
2016-11-06,35,28,28,0,6,24,23,42,55,0,0.0,18.0,0.0,8.0,0.0,0.0,12.0,0.0,34.0,0.0,,,,,,,,,,,,
2016-11-13,27,19,44,0,6,31,23,61,28,1,0.0,37.0,0.0,5.0,0.0,0.0,38.0,6.0,23.0,11.0,,,,,,,,,,,,
2016-11-20,44,9,21,0,18,21,0,55,51,1,0.0,18.0,0.0,5.0,0.0,0.0,12.0,11.0,11.0,21.0,,,,,,,,,,,,
2016-11-27,87,55,25,0,12,37,0,78,41,0,0.0,36.0,0.0,5.0,0.0,0.0,12.0,28.0,22.0,51.0,,,,,,,,,,,,
2016-12-04,69,9,28,0,24,22,0,61,31,3,0.0,53.0,61.0,5.0,0.0,0.0,0.0,6.0,11.0,30.0,,,,,,,,,,,,
2016-12-11,88,9,22,0,6,26,0,62,79,3,0.0,18.0,0.0,4.0,0.0,0.0,12.0,23.0,34.0,21.0,,,,,,,,,,,,
2016-12-18,56,0,27,0,19,38,0,67,100,1,22.0,19.0,0.0,3.0,0.0,0.0,0.0,6.0,36.0,22.0,,,,,,,,,,,,
2016-12-25,0,31,20,0,0,33,13,66,77,2,0.0,40.0,23.0,5.0,0.0,0.0,0.0,25.0,75.0,23.0,,,,,,,,,,,,
2017-01-01,0,56,22,0,6,44,12,73,59,4,0.0,37.0,21.0,11.0,43.0,29.0,25.0,87.0,35.0,11.0,,,,,,,,,,,,
2017-01-08,9,18,28,0,12,34,22,66,23,1,0.0,70.0,100.0,11.0,40.0,27.0,0.0,11.0,0.0,10.0,,,,,,,,,,,,
2017-01-15,17,36,7,0,29,33,22,82,40,3,0.0,17.0,39.0,10.0,0.0,27.0,35.0,54.0,11.0,20.0,,,,,,,,,,,,
2017-01-22,33,26,10,0,6,23,0,49,26,1,0.0,17.0,0.0,10.0,0.0,54.0,36.0,32.0,22.0,49.0,,,,,,,,,,,,
2017-01-29,34,26,3,0,0,28,0,52,68,0,0.0,17.0,20.0,6.0,0.0,0.0,24.0,11.0,22.0,30.0,,,,,,,,,,,,
2017-02-05,0,9,27,0,6,27,22,52,64,0,0.0,34.0,0.0,12.0,39.0,0.0,12.0,16.0,53.0,49.0,,,,,,,,,,,,
2017-02-12,25,17,7,0,11,34,22,28,64,1,0.0,17.0,40.0,12.0,0.0,0.0,36.0,59.0,44.0,20.0,,,,,,,,,,,,
2017-02-19,8,0,3,0,6,21,22,31,53,1,0.0,35.0,20.0,9.0,0.0,0.0,36.0,11.0,11.0,70.0,,,,,,,,,,,,
2017-02-26,16,17,10,0,5,21,10,47,68,1,0.0,32.0,37.0,10.0,0.0,0.0,22.0,15.0,10.0,47.0,,,,,,,,,,,,
2017-03-05,16,17,20,0,0,24,52,44,40,1,0.0,50.0,38.0,12.0,38.0,0.0,23.0,21.0,52.0,19.0,,,,,,,,,,,,
2017-03-12,56,34,7,0,6,29,0,42,35,0,0.0,100.0,19.0,14.0,0.0,0.0,11.0,21.0,42.0,19.0,,,,,,,,,,,,
2017-03-19,17,17,23,0,11,29,0,37,35,1,0.0,34.0,20.0,13.0,0.0,0.0,12.0,16.0,32.0,39.0,,,,,,,,,,,,
2017-03-26,25,17,3,0,6,20,21,37,54,0,0.0,51.0,19.0,11.0,0.0,0.0,12.0,16.0,21.0,19.0,,,,,,,,,,,,
2017-04-02,25,9,10,0,11,21,11,21,35,0,0.0,34.0,0.0,12.0,0.0,26.0,47.0,16.0,11.0,39.0,,,,,,,,,,,,
2017-04-09,8,36,10,0,35,26,11,38,30,1,0.0,0.0,20.0,12.0,0.0,0.0,24.0,16.0,11.0,30.0,,,,,,,,,,,,
2017-04-16,16,35,13,0,6,18,0,21,32,1,0.0,17.0,19.0,14.0,0.0,26.0,23.0,26.0,11.0,20.0,,,,,,,,,,,,
2017-04-23,17,27,3,0,11,28,11,38,33,1,0.0,17.0,0.0,14.0,0.0,0.0,23.0,5.0,21.0,39.0,,,,,,,,,,,,
2017-04-30,8,9,14,0,0,22,22,46,36,0,0.0,17.0,20.0,12.0,0.0,0.0,23.0,27.0,43.0,29.0,,,,,,,,,,,,
2017-05-07,42,0,14,0,12,26,0,22,53,0,0.0,17.0,0.0,15.0,0.0,0.0,12.0,16.0,22.0,30.0,,,,,,,,,,,,
2017-05-14,46,10,4,0,6,19,0,20,50,1,0.0,0.0,0.0,10.0,0.0,0.0,13.0,29.0,35.0,54.0,,,,,,,,,,,,
2017-05-21,9,38,7,0,6,20,12,3,39,0,0.0,19.0,0.0,18.0,0.0,0.0,13.0,40.0,23.0,11.0,,,,,,,,,,,,
2017-05-28,36,28,7,0,12,22,0,17,35,0,0.0,0.0,0.0,15.0,0.0,29.0,13.0,12.0,58.0,0.0,,,,,,,,,,,,
2017-06-04,27,9,4,0,0,21,12,26,38,0,0.0,18.0,21.0,18.0,0.0,0.0,13.0,6.0,11.0,52.0,,,,,,,,,,,,
2017-06-11,36,47,4,0,12,19,0,26,28,1,0.0,0.0,0.0,17.0,0.0,0.0,0.0,17.0,35.0,31.0,,,,,,,,,,,,
2017-06-18,17,27,7,0,12,25,45,29,20,1,0.0,54.0,0.0,19.0,41.0,0.0,0.0,17.0,11.0,0.0,,,,,,,,,,,,
2017-06-25,9,10,15,0,0,16,12,24,40,1,0.0,57.0,0.0,17.0,0.0,29.0,0.0,12.0,12.0,11.0,,,,,,,,,,,,
2017-07-02,0,50,4,0,7,14,26,14,52,0,0.0,20.0,0.0,15.0,0.0,0.0,41.0,0.0,0.0,34.0,,,,,,,,,,,,
2017-07-09,19,0,19,0,0,18,0,24,25,0,0.0,0.0,0.0,18.0,0.0,0.0,39.0,6.0,12.0,11.0,,,,,,,,,,,,
2017-07-16,0,20,15,0,6,31,0,38,55,0,0.0,0.0,22.0,17.0,0.0,0.0,52.0,0.0,0.0,33.0,,,,,,,,,,,,
2017-07-23,0,39,0,0,6,20,24,31,50,3,0.0,19.0,22.0,18.0,0.0,0.0,26.0,24.0,36.0,55.0,,,,,,,,,,,,
2017-07-30,9,10,11,0,0,17,35,41,28,0,0.0,18.0,42.0,16.0,0.0,0.0,0.0,11.0,35.0,21.0,,,,,,,,,,,,
2017-08-06,27,48,7,0,0,26,47,30,67,0,0.0,75.0,21.0,19.0,43.0,0.0,13.0,12.0,35.0,32.0,,,,,,,,,,,,
2017-08-13,36,28,4,0,0,33,35,30,52,0,0.0,18.0,0.0,19.0,42.0,29.0,38.0,23.0,34.0,11.0,,,,,,,,,,,,
2017-08-20,9,19,0,0,0,18,12,17,49,1,21.0,37.0,0.0,17.0,0.0,29.0,51.0,6.0,58.0,53.0,,,,,,,,,,,,
2017-08-27,36,10,7,0,0,21,0,40,42,0,0.0,0.0,0.0,26.0,0.0,57.0,38.0,29.0,58.0,32.0,,,,,,,,,,,,
2017-09-03,43,18,18,0,6,35,56,42,64,0,0.0,18.0,41.0,19.0,0.0,0.0,61.0,11.0,22.0,100.0,,,,,,,,,,,,
2017-09-10,25,44,28,0,0,30,0,47,56,3,0.0,87.0,20.0,23.0,0.0,27.0,48.0,16.0,22.0,20.0,,,,,,,,,,,,
2017-09-17,0,36,28,0,0,25,11,63,49,0,0.0,35.0,20.0,18.0,0.0,0.0,24.0,5.0,22.0,0.0,,,,,,,,,,,,
2017-09-24,25,0,38,0,6,20,22,44,36,0,0.0,17.0,20.0,20.0,0.0,54.0,24.0,27.0,22.0,40.0,,,,,,,,,,,,
2017-10-01,17,9,54,0,23,24,22,69,46,1,0.0,0.0,0.0,19.0,0.0,27.0,0.0,32.0,32.0,40.0,,,,,,,,,,,,
2017-10-08,34,0,35,0,6,27,22,47,23,1,0.0,0.0,20.0,17.0,0.0,0.0,0.0,22.0,22.0,50.0,,,,,,,,,,,,
2017-10-15,0,17,26,0,0,31,0,57,67,3,0.0,17.0,19.0,26.0,0.0,0.0,12.0,31.0,0.0,48.0,,,,,,,,,,,,
2017-10-22,8,43,47,0,6,19,11,43,22,1,0.0,17.0,20.0,27.0,0.0,0.0,12.0,11.0,11.0,39.0,,,,,,,,,,,,
2017-10-29,49,9,40,0,6,21,0,69,38,1,0.0,51.0,0.0,20.0,0.0,26.0,12.0,42.0,11.0,0.0,,,,,,,,,,,,
2017-11-05,48,8,39,0,5,28,10,68,62,0,0.0,33.0,38.0,19.0,38.0,0.0,34.0,0.0,21.0,28.0,,,,,,,,,,,,
2017-11-12,40,17,26,0,11,39,21,35,40,1,0.0,16.0,19.0,23.0,76.0,0.0,23.0,36.0,52.0,48.0,,,,,,,,,,,,
2017-11-19,32,25,26,0,5,16,10,86,59,1,0.0,16.0,0.0,15.0,0.0,0.0,0.0,15.0,0.0,18.0,,,,,,,,,,,,
2017-11-26,72,0,10,0,5,23,10,71,59,2,0.0,16.0,38.0,19.0,0.0,0.0,11.0,5.0,10.0,0.0,,,,,,,,,,,,
2017-12-03,89,17,16,0,11,36,0,54,35,3,0.0,17.0,38.0,22.0,0.0,0.0,34.0,21.0,52.0,19.0,,,,,,,,,,,,
2017-12-10,66,9,0,0,33,19,11,55,32,3,0.0,17.0,0.0,19.0,0.0,53.0,0.0,26.0,53.0,10.0,,,,,,,,,,,,
2017-12-17,84,45,21,0,75,34,11,66,96,4,0.0,35.0,0.0,20.0,0.0,27.0,12.0,11.0,11.0,20.0,,,,,,,,,,,,
2017-12-24,27,29,19,0,100,38,36,51,86,7,0.0,19.0,21.0,28.0,0.0,0.0,0.0,6.0,23.0,22.0,,,,,,,,,,,,
2017-12-31,24,17,23,0,91,42,32,96,49,3,0.0,51.0,19.0,43.0,0.0,0.0,12.0,100.0,11.0,20.0,,,,,,,,,,,,
2018-01-07,8,25,10,0,32,27,20,85,58,1,0.0,16.0,0.0,49.0,37.0,0.0,11.0,30.0,10.0,63.0,,,,,,,,,,,,
2018-01-14,0,25,10,0,43,26,20,64,52,6,0.0,16.0,0.0,43.0,0.0,0.0,11.0,35.0,40.0,28.0,,,,,,,,,,,,
2018-01-21,39,25,22,0,16,28,10,55,52,4,0.0,0.0,18.0,42.0,37.0,100.0,22.0,65.0,30.0,64.0,,,,,,,,,,,,
2018-01-28,16,25,10,0,16,25,0,35,46,4,0.0,32.0,0.0,41.0,0.0,0.0,22.0,20.0,40.0,37.0,,,,,,,,,,,,
2018-02-04,31,8,13,0,27,35,0,49,24,1,0.0,48.0,55.0,38.0,37.0,0.0,11.0,20.0,30.0,37.0,,,,,,,,,,,,
2018-02-11,40,25,10,0,32,21,10,61,28,2,0.0,49.0,0.0,40.0,0.0,0.0,0.0,30.0,10.0,28.0,,,,,,,,,,,,
2018-02-18,40,0,16,0,32,27,10,29,49,2,0.0,0.0,37.0,36.0,0.0,50.0,100.0,40.0,51.0,37.0,,,,,,,,,,,,
2018-02-25,39,16,6,0,21,15,10,46,30,1,0.0,32.0,19.0,40.0,37.0,0.0,22.0,76.0,41.0,55.0,,,,,,,,,,,,
2018-03-04,47,17,29,0,5,17,10,47,56,2,0.0,49.0,19.0,45.0,0.0,0.0,45.0,76.0,72.0,64.0,,,,,,,,,,,,
2018-03-11,48,42,19,0,5,29,0,33,94,4,0.0,33.0,56.0,41.0,0.0,51.0,22.0,46.0,41.0,28.0,,,,,,,,,,,,
2018-03-18,16,17,10,0,22,23,10,50,55,5,0.0,49.0,19.0,41.0,0.0,76.0,34.0,10.0,10.0,28.0,,,,,,,,,,,,
2018-03-25,32,42,10,0,27,24,0,21,53,1,0.0,17.0,38.0,44.0,38.0,26.0,34.0,31.0,41.0,19.0,,,,,,,,,,,,
2018-04-01,15,16,16,0,11,20,10,26,36,0,0.0,32.0,0.0,46.0,0.0,25.0,22.0,20.0,80.0,36.0,,,,,,,,,,,,
2018-04-08,30,0,22,0,10,30,40,31,41,1,0.0,0.0,0.0,48.0,72.0,49.0,11.0,5.0,39.0,27.0,,,,,,,,,,,,
2018-04-15,53,8,9,0,10,37,20,45,32,2,0.0,16.0,18.0,46.0,0.0,0.0,21.0,15.0,39.0,9.0,,,,,,,,,,,,
2018-04-22,16,17,16,0,11,20,20,17,52,2,0.0,0.0,19.0,46.0,0.0,25.0,22.0,20.0,41.0,18.0,,,,,,,,,,,,
2018-04-29,24,0,26,0,0,18,21,20,43,1,0.0,0.0,19.0,72.0,0.0,0.0,0.0,15.0,20.0,28.0,,,,,,,,,,,,
2018-05-06,8,34,10,0,0,20,11,21,69,0,0.0,17.0,0.0,66.0,0.0,26.0,34.0,21.0,21.0,29.0,,,,,,,,,,,,
2018-05-13,17,26,0,0,6,19,32,27,38,1,0.0,17.0,0.0,61.0,0.0,0.0,12.0,16.0,32.0,49.0,,,,,,,,,,,,
2018-05-20,8,26,7,0,0,26,11,16,42,1,0.0,17.0,0.0,66.0,0.0,0.0,24.0,21.0,32.0,29.0,,,,,,,,,,,,
2018-05-27,16,17,10,0,0,25,0,33,41,0,19.0,33.0,0.0,60.0,0.0,0.0,23.0,15.0,62.0,10.0,,,,,,,,,,,,
2018-06-03,32,8,33,0,0,31,0,35,43,2,0.0,33.0,0.0,54.0,0.0,26.0,0.0,5.0,31.0,28.0,,,,,,,,,,,,
2018-06-10,40,16,16,0,16,18,0,17,81,2,0.0,0.0,19.0,55.0,0.0,0.0,56.0,35.0,31.0,9.0,,,,,,,,,,,,
2018-06-17,16,25,7,0,22,22,21,18,47,4,0.0,0.0,19.0,60.0,0.0,0.0,34.0,21.0,10.0,38.0,,,,,,,,,,,,
2018-06-24,33,26,0,0,0,26,32,31,39,3,0.0,17.0,19.0,51.0,0.0,52.0,23.0,5.0,53.0,39.0,,,,,,,,,,,,
2018-07-01,17,35,0,0,6,18,33,12,49,1,0.0,35.0,20.0,50.0,0.0,0.0,12.0,21.0,22.0,20.0,,,,,,,,,,,,
2018-07-08,32,17,16,0,6,18,10,21,44,0,0.0,17.0,38.0,57.0,0.0,0.0,57.0,0.0,11.0,29.0,,,,,,,,,,,,
2018-07-15,17,9,3,0,6,27,22,9,59,1,0.0,35.0,40.0,61.0,0.0,27.0,48.0,22.0,11.0,39.0,,,,,,,,,,,,
2018-07-22,33,26,10,0,0,18,0,24,45,0,0.0,34.0,19.0,62.0,0.0,0.0,35.0,21.0,53.0,29.0,,,,,,,,,,,,
2018-07-29,0,18,0,0,6,19,11,22,39,3,0.0,0.0,0.0,60.0,0.0,27.0,47.0,27.0,11.0,69.0,,,,,,,,,,,,
2018-08-05,25,35,0,0,0,25,22,6,65,1,0.0,17.0,0.0,57.0,40.0,0.0,0.0,11.0,11.0,49.0,,,,,,,,,,,,
2018-08-12,25,0,14,0,6,25,33,12,51,0,0.0,17.0,20.0,56.0,0.0,27.0,12.0,27.0,11.0,49.0,,,,,,,,,,,,
2018-08-19,17,9,17,0,0,25,11,34,29,3,0.0,17.0,60.0,54.0,0.0,0.0,0.0,16.0,33.0,30.0,,,,,,,,,,,,
2018-08-26,25,17,17,0,0,17,0,31,45,6,0.0,17.0,0.0,50.0,0.0,0.0,12.0,27.0,54.0,49.0,,,,,,,,,,,,
2018-09-02,0,26,13,0,6,20,11,51,57,1,0.0,17.0,0.0,59.0,39.0,26.0,46.0,16.0,11.0,19.0,,,,,,,,,,,,
2018-09-09,16,8,35,0,11,21,0,65,68,1,0.0,16.0,0.0,46.0,0.0,25.0,0.0,30.0,20.0,28.0,,,,,,,,,,,,
2018-09-16,0,33,38,0,11,29,20,75,54,4,0.0,80.0,0.0,43.0,0.0,0.0,11.0,10.0,20.0,28.0,,,,,,,,,,,,
2018-09-23,16,17,58,0,11,25,10,67,55,0,0.0,16.0,0.0,39.0,38.0,0.0,33.0,0.0,41.0,28.0,,,,,,,,,,,,
2018-09-30,16,0,75,0,33,26,94,65,75,1,0.0,16.0,0.0,41.0,0.0,0.0,11.0,15.0,0.0,84.0,,,,,,,,,,,,
2018-10-07,25,9,80,0,6,19,11,34,45,1,0.0,17.0,0.0,49.0,0.0,0.0,35.0,16.0,32.0,29.0,,,,,,,,,,,,
2018-10-14,32,17,42,0,5,23,10,57,19,0,0.0,17.0,0.0,45.0,0.0,0.0,0.0,31.0,0.0,19.0,,,,,,,,,,,,
2018-10-21,8,25,53,0,0,17,21,63,28,1,0.0,17.0,0.0,49.0,0.0,26.0,0.0,31.0,21.0,47.0,,,,,,,,,,,,
2018-10-28,0,17,33,0,17,24,43,54,60,1,0.0,0.0,0.0,51.0,0.0,0.0,23.0,31.0,10.0,9.0,,,,,,,,,,,,
2018-11-04,23,16,25,0,5,17,20,60,36,4,0.0,0.0,18.0,60.0,0.0,25.0,11.0,20.0,20.0,37.0,,,,,,,,,,,,
2018-11-11,24,17,29,0,11,31,10,44,50,2,0.0,0.0,0.0,42.0,38.0,0.0,34.0,26.0,31.0,38.0,,,,,,,,,,,,
2018-11-18,39,33,13,0,11,27,10,38,39,7,0.0,16.0,0.0,37.0,0.0,0.0,0.0,15.0,30.0,36.0,,,,,,,,,,,,
2018-11-25,47,8,25,0,5,23,20,66,55,2,0.0,49.0,0.0,47.0,0.0,25.0,33.0,25.0,30.0,0.0,,,,,,,,,,,,
2018-12-02,48,42,16,0,27,25,31,45,47,2,0.0,17.0,19.0,38.0,0.0,0.0,23.0,26.0,10.0,38.0,,,,,,,,,,,,
2018-12-09,25,26,14,0,34,27,33,34,45,5,0.0,17.0,0.0,39.0,0.0,0.0,23.0,16.0,21.0,29.0,,,,,,,,,,,,
2018-12-16,100,18,27,0,17,23,0,57,50,8,0.0,18.0,0.0,34.0,0.0,0.0,24.0,22.0,22.0,10.0,,,,,,,,,,,,
2018-12-23,19,20,30,0,32,42,36,45,73,19,0.0,38.0,0.0,50.0,0.0,0.0,26.0,42.0,36.0,22.0,,,,,,,,,,,,
2018-12-30,9,18,11,0,12,23,34,70,57,19,0.0,18.0,0.0,100.0,0.0,0.0,12.0,89.0,67.0,20.0,,,,,,,,,,,,
2019-01-06,8,17,10,0,22,29,0,29,65,6,0.0,16.0,19.0,100.0,0.0,25.0,56.0,40.0,61.0,9.0,,,,,,,,,,,,
2019-01-13,23,16,16,0,0,27,10,64,67,6,0.0,48.0,0.0,93.0,0.0,25.0,33.0,35.0,60.0,55.0,,,,,,,,,,,,
2019-01-20,46,57,16,0,10,27,50,49,63,8,0.0,47.0,18.0,89.0,0.0,0.0,0.0,10.0,20.0,18.0,,,,,,,,,,,,
2019-01-27,23,8,10,13,5,25,10,41,43,6,0.0,48.0,0.0,64.0,0.0,25.0,33.0,35.0,20.0,63.0,,,,,,,,,,,,
2019-02-03,15,71,12,0,20,30,29,47,56,3,0.0,15.0,0.0,63.0,0.0,0.0,11.0,24.0,19.0,71.0,,,,,,,,,,,,
2019-02-10,54,32,9,0,16,25,20,37,60,7,0.0,0.0,0.0,55.0,36.0,24.0,0.0,24.0,20.0,36.0,,,,,,,,,,,,
2019-02-17,32,58,6,13,22,34,0,26,37,2,0.0,0.0,0.0,58.0,0.0,51.0,0.0,20.0,41.0,46.0,,,,,,,,,,,,
2019-02-24,46,8,9,0,10,33,10,34,42,7,0.0,0.0,0.0,58.0,0.0,0.0,11.0,14.0,39.0,18.0,,,,,,,,,,,,
2019-03-03,16,41,10,0,5,17,0,12,36,4,0.0,16.0,0.0,63.0,37.0,25.0,22.0,35.0,80.0,27.0,,,,,,,,,,,,
2019-03-10,24,42,16,13,5,25,0,24,34,1,0.0,33.0,0.0,54.0,38.0,0.0,34.0,20.0,72.0,38.0,,,,,,,,,,,,
2019-03-17,8,17,13,0,0,25,10,15,56,2,0.0,16.0,38.0,50.0,0.0,51.0,23.0,26.0,10.0,9.0,,,,,,,,,,,,
2019-03-24,8,25,6,13,11,20,10,27,56,4,0.0,82.0,0.0,51.0,0.0,25.0,34.0,20.0,10.0,56.0,,,,,,,,,,,,
2019-03-31,23,41,3,0,0,16,20,20,54,4,0.0,32.0,0.0,53.0,0.0,0.0,22.0,35.0,100.0,45.0,,,,,,,,,,,,
2019-04-07,15,8,6,0,20,25,20,22,55,5,0.0,0.0,18.0,44.0,0.0,0.0,64.0,34.0,29.0,54.0,,,,,,,,,,,,
2019-04-14,23,8,13,0,47,30,31,20,45,1,0.0,48.0,0.0,41.0,74.0,0.0,33.0,25.0,40.0,28.0,,,,,,,,,,,,
2019-04-21,31,25,3,0,5,16,20,15,37,6,0.0,32.0,0.0,46.0,0.0,0.0,11.0,20.0,71.0,46.0,,,,,,,,,,,,
2019-04-28,16,33,6,13,16,17,20,32,45,4,0.0,32.0,18.0,53.0,0.0,0.0,22.0,40.0,30.0,55.0,,,,,,,,,,,,
2019-05-05,16,17,6,0,16,17,21,18,69,2,0.0,65.0,0.0,46.0,0.0,25.0,11.0,15.0,20.0,19.0,,,,,,,,,,,,
2019-05-12,8,17,0,0,5,15,21,12,31,5,0.0,0.0,0.0,39.0,0.0,0.0,0.0,15.0,21.0,47.0,,,,,,,,,,,,
2019-05-19,0,42,3,0,5,23,10,12,22,2,0.0,17.0,19.0,47.0,38.0,0.0,23.0,26.0,10.0,66.0,,,,,,,,,,,,
2019-05-26,8,25,3,0,5,21,0,14,43,1,0.0,64.0,0.0,43.0,37.0,0.0,22.0,10.0,100.0,46.0,,,,,,,,,,,,
2019-06-02,22,0,6,0,0,18,48,22,32,9,0.0,15.0,18.0,38.0,71.0,0.0,21.0,14.0,10.0,35.0,,,,,,,,,,,,
2019-06-09,8,16,6,0,0,16,20,8,38,1,0.0,0.0,0.0,42.0,0.0,0.0,0.0,19.0,0.0,27.0,,,,,,,,,,,,
2019-06-16,23,17,3,0,11,17,20,18,49,0,0.0,16.0,0.0,39.0,0.0,0.0,22.0,25.0,30.0,28.0,,,,,,,,,,,,
2019-06-23,0,8,7,13,0,18,42,15,44,4,0.0,33.0,0.0,39.0,0.0,0.0,69.0,0.0,21.0,19.0,,,,,,,,,,,,
2019-06-30,24,9,0,0,0,16,42,18,58,4,0.0,0.0,0.0,41.0,0.0,0.0,23.0,21.0,10.0,48.0,,,,,,,,,,,,
2019-07-07,32,8,10,0,0,20,21,6,31,5,0.0,16.0,37.0,46.0,0.0,25.0,11.0,5.0,41.0,0.0,,,,,,,,,,,,
2019-07-14,8,51,3,0,11,10,74,12,34,2,0.0,17.0,0.0,46.0,0.0,26.0,11.0,5.0,10.0,28.0,,,,,,,,,,,,
2019-07-21,25,18,7,0,0,16,44,12,46,3,0.0,52.0,20.0,38.0,0.0,0.0,0.0,27.0,0.0,29.0,,,,,,,,,,,,
2019-07-28,0,18,10,0,6,23,43,12,26,8,0.0,17.0,0.0,46.0,0.0,27.0,0.0,27.0,11.0,39.0,,,,,,,,,,,,
2019-08-04,0,0,3,0,11,11,43,15,39,5,0.0,0.0,0.0,37.0,39.0,0.0,12.0,5.0,42.0,49.0,,,,,,,,,,,,
2019-08-11,0,42,0,0,0,23,10,18,50,1,0.0,49.0,0.0,42.0,0.0,0.0,22.0,15.0,10.0,19.0,,,,,,,,,,,,
2019-08-18,8,8,10,0,0,17,31,18,16,4,0.0,33.0,19.0,37.0,0.0,0.0,23.0,26.0,0.0,19.0,,,,,,,,,,,,
2019-08-25,8,17,13,0,11,25,10,17,58,6,0.0,32.0,0.0,39.0,0.0,75.0,44.0,5.0,40.0,28.0,,,,,,,,,,,,
2019-09-01,0,23,9,0,0,26,29,16,40,1,0.0,16.0,0.0,37.0,0.0,24.0,53.0,15.0,20.0,62.0,,,,,,,,,,,,
2019-09-08,22,31,18,0,0,30,19,35,31,5,0.0,15.0,0.0,37.0,0.0,0.0,10.0,14.0,38.0,61.0,,,,,,,,,,,,
2019-09-15,30,23,15,0,0,29,10,30,34,3,0.0,15.0,0.0,36.0,35.0,0.0,31.0,23.0,19.0,0.0,,,,,,,,,,,,
2019-09-22,0,23,12,0,10,27,0,30,40,6,0.0,30.0,0.0,31.0,0.0,23.0,41.0,19.0,0.0,26.0,,,,,,,,,,,,
2019-09-29,22,23,32,0,15,22,0,64,39,12,0.0,30.0,17.0,32.0,0.0,46.0,31.0,18.0,28.0,8.0,,,,,,,,,,,,
2019-10-06,51,23,84,0,30,28,19,35,48,5,0.0,15.0,0.0,30.0,0.0,0.0,21.0,19.0,28.0,34.0,,,,,,,,,,,,
2019-10-13,7,23,67,0,20,27,0,30,46,14,0.0,61.0,18.0,28.0,0.0,24.0,63.0,10.0,19.0,26.0,,,,,,,,,,,,
2019-10-20,35,7,20,23,10,18,18,37,25,1,0.0,0.0,0.0,26.0,33.0,45.0,20.0,27.0,27.0,25.0,,,,,,,,,,,,
2019-10-27,22,31,32,0,0,21,0,35,54,2,0.0,30.0,0.0,28.0,0.0,0.0,51.0,14.0,0.0,17.0,,,,,,,,,,,,
2019-11-03,28,22,37,0,10,19,0,42,67,2,0.0,44.0,0.0,27.0,34.0,0.0,40.0,14.0,0.0,17.0,,,,,,,,,,,,
2019-11-10,21,15,38,0,19,24,19,42,56,8,0.0,15.0,0.0,29.0,0.0,23.0,20.0,27.0,9.0,33.0,,,,,,,,,,,,
2019-11-17,29,30,32,12,0,19,9,21,61,14,0.0,15.0,0.0,32.0,34.0,23.0,10.0,18.0,9.0,25.0,,,,,,,,,,,,
2019-11-24,49,59,17,0,10,26,9,23,52,13,0.0,14.0,0.0,28.0,0.0,0.0,0.0,9.0,36.0,16.0,,,,,,,,,,,,
2019-12-01,78,15,20,0,0,20,55,24,60,12,0.0,44.0,0.0,22.0,0.0,0.0,10.0,5.0,18.0,25.0,,,,,,,,,,,,
2019-12-08,82,8,21,0,5,27,10,36,38,14,0.0,0.0,0.0,26.0,0.0,24.0,10.0,14.0,9.0,26.0,,,,,,,,,,,,
2019-12-15,38,16,6,12,5,16,20,22,62,9,0.0,47.0,0.0,17.0,0.0,0.0,0.0,19.0,29.0,35.0,,,,,,,,,,,,
2019-12-22,49,17,26,13,22,34,53,27,82,20,19.0,50.0,38.0,26.0,39.0,0.0,34.0,26.0,10.0,29.0,,,,,,,,,,,,
2019-12-29,0,32,25,13,36,30,0,44,67,27,0.0,16.0,0.0,47.0,36.0,24.0,43.0,34.0,19.0,35.0,,,,,,,,,,,,
2020-01-05,35,37,26,0,5,31,9,34,82,18,100.0,14.0,17.0,49.0,100.0,0.0,40.0,76.0,9.0,33.0,,,,,,,,,,,,
2020-01-12,7,43,5,0,0,29,35,33,53,10,0.0,14.0,0.0,35.0,0.0,0.0,0.0,35.0,9.0,16.0,,,,,,,,,,,,
2020-01-19,51,60,18,0,10,19,28,29,52,16,0.0,15.0,17.0,39.0,34.0,23.0,30.0,37.0,65.0,50.0,,,,,,,,,,,,
2020-01-26,7,22,11,0,0,22,18,29,41,9,0.0,14.0,0.0,32.0,0.0,45.0,10.0,23.0,9.0,66.0,,,,,,,,,,,,
2020-02-02,7,29,20,0,0,22,18,29,44,12,0.0,43.0,17.0,28.0,0.0,0.0,50.0,23.0,18.0,58.0,,,,,,,,,,,,
2020-02-09,21,22,11,0,5,25,27,23,60,5,49.0,14.0,16.0,27.0,0.0,0.0,19.0,40.0,9.0,25.0,,,,,,,,,,,,
2020-02-16,7,15,9,0,5,29,9,31,40,13,0.0,43.0,0.0,36.0,67.0,45.0,40.0,18.0,63.0,41.0,,,,,,,,,,,,
2020-02-23,13,21,24,0,0,28,35,30,42,7,0.0,42.0,16.0,29.0,0.0,0.0,19.0,26.0,26.0,16.0,,,,,,,,,,,,
2020-03-01,27,28,16,0,9,40,0,17,46,12,0.0,54.0,0.0,26.0,0.0,42.0,37.0,21.0,9.0,15.0,1.0,1.0,2.0,1.0,2.0,0.0,0.0,16.0,1.0,3.0,7.0,4.0
2020-03-08,13,7,8,0,13,27,25,17,27,12,0.0,0.0,0.0,22.0,0.0,0.0,27.0,37.0,8.0,30.0,4.0,13.0,0.0,1.0,2.0,0.0,1.0,12.0,0.0,3.0,4.0,4.0
2020-03-15,44,74,13,0,4,63,25,24,42,9,0.0,13.0,0.0,11.0,30.0,0.0,18.0,12.0,25.0,7.0,91.0,11.0,4.0,2.0,0.0,0.0,0.0,25.0,0.0,4.0,2.0,1.0
2020-03-22,79,64,20,30,12,97,16,31,40,8,0.0,13.0,0.0,13.0,0.0,0.0,34.0,0.0,39.0,14.0,100.0,3.0,3.0,2.0,3.0,1.0,1.0,38.0,1.0,3.0,7.0,3.0
2020-03-29,77,56,17,49,53,79,54,26,79,12,0.0,0.0,0.0,15.0,28.0,0.0,33.0,15.0,23.0,14.0,47.0,3.0,4.0,3.0,2.0,1.0,5.0,41.0,2.0,4.0,8.0,2.0
2020-04-05,82,94,21,29,81,86,46,22,81,9,0.0,12.0,0.0,13.0,28.0,0.0,8.0,11.0,8.0,28.0,33.0,1.0,4.0,5.0,3.0,1.0,4.0,43.0,3.0,1.0,11.0,3.0
2020-04-12,59,74,22,88,16,66,70,24,76,13,0.0,12.0,0.0,19.0,0.0,0.0,0.0,4.0,30.0,35.0,20.0,0.0,1.0,3.0,4.0,3.0,1.0,37.0,1.0,3.0,8.0,6.0
2020-04-19,35,50,36,68,20,100,15,27,63,10,0.0,12.0,0.0,21.0,28.0,0.0,41.0,15.0,15.0,14.0,11.0,1.0,4.0,5.0,3.0,4.0,1.0,40.0,3.0,2.0,11.0,5.0
2020-04-26,54,88,27,60,12,82,0,18,74,12,0.0,25.0,0.0,21.0,57.0,0.0,17.0,19.0,0.0,35.0,6.0,1.0,3.0,4.0,2.0,3.0,1.0,32.0,1.0,3.0,10.0,5.0
2020-05-03,41,100,22,78,4,54,39,11,69,25,56.0,48.0,0.0,28.0,56.0,0.0,25.0,15.0,30.0,27.0,8.0,0.0,4.0,4.0,3.0,3.0,1.0,33.0,0.0,2.0,14.0,6.0
2020-05-10,42,70,25,100,4,52,16,29,66,12,14.0,61.0,0.0,25.0,28.0,0.0,25.0,15.0,8.0,43.0,6.0,0.0,1.0,4.0,2.0,2.0,1.0,22.0,1.0,2.0,8.0,4.0
2020-05-17,19,73,13,63,0,37,33,12,68,14,15.0,39.0,0.0,26.0,60.0,20.0,18.0,12.0,0.0,22.0,2.0,0.0,1.0,2.0,2.0,3.0,1.0,22.0,2.0,1.0,8.0,6.0
2020-05-24,37,39,15,81,4,35,48,18,55,14,29.0,13.0,15.0,25.0,0.0,0.0,17.0,24.0,8.0,44.0,4.0,1.0,2.0,3.0,2.0,2.0,0.0,14.0,0.0,3.0,8.0,4.0
2020-05-31,0,50,7,19,8,38,15,31,51,15,0.0,36.0,0.0,23.0,56.0,0.0,17.0,19.0,23.0,34.0,6.0,0.0,1.0,3.0,2.0,2.0,0.0,17.0,0.0,3.0,7.0,4.0
2020-06-07,18,13,7,61,0,40,0,25,43,8,0.0,51.0,0.0,28.0,0.0,0.0,43.0,28.0,0.0,65.0,4.0,1.0,1.0,1.0,1.0,1.0,0.0,20.0,1.0,2.0,7.0,3.0
2020-06-14,13,14,10,53,9,31,25,14,43,14,15.0,40.0,0.0,20.0,31.0,21.0,18.0,21.0,8.0,38.0,5.0,0.0,1.0,2.0,1.0,2.0,1.0,12.0,0.0,1.0,6.0,6.0
2020-06-21,20,21,8,0,5,21,17,10,39,15,0.0,27.0,0.0,21.0,0.0,21.0,18.0,8.0,17.0,23.0,2.0,0.0,0.0,1.0,1.0,1.0,0.0,12.0,2.0,3.0,6.0,2.0
2020-06-28,34,43,3,23,5,25,27,15,45,14,16.0,14.0,0.0,23.0,0.0,0.0,0.0,31.0,44.0,0.0,3.0,1.0,1.0,4.0,1.0,2.0,0.0,10.0,2.0,2.0,7.0,4.0
2020-07-05,33,42,5,55,0,26,9,17,68,20,0.0,27.0,0.0,29.0,32.0,21.0,47.0,21.0,9.0,16.0,4.0,1.0,1.0,2.0,2.0,0.0,0.0,12.0,1.0,1.0,7.0,3.0
2020-07-12,34,15,0,11,0,22,18,10,40,11,0.0,71.0,16.0,27.0,33.0,22.0,68.0,18.0,27.0,48.0,2.0,0.0,0.0,2.0,2.0,1.0,0.0,9.0,2.0,2.0,5.0,6.0
2020-07-19,7,44,17,12,10,24,0,13,63,13,0.0,29.0,0.0,25.0,0.0,0.0,20.0,9.0,18.0,50.0,2.0,1.0,1.0,2.0,2.0,0.0,0.0,11.0,0.0,1.0,6.0,4.0
2020-07-26,0,37,6,12,0,25,28,18,44,4,0.0,44.0,0.0,21.0,0.0,0.0,50.0,9.0,0.0,50.0,3.0,0.0,1.0,1.0,1.0,1.0,0.0,12.0,1.0,1.0,4.0,4.0
2020-08-02,7,29,25,34,9,27,27,8,48,15,0.0,42.0,0.0,22.0,0.0,22.0,0.0,4.0,18.0,81.0,3.0,0.0,0.0,1.0,0.0,1.0,0.0,16.0,1.0,2.0,6.0,7.0
2020-08-09,0,22,6,23,5,22,27,3,43,14,16.0,29.0,0.0,21.0,0.0,0.0,20.0,13.0,9.0,24.0,2.0,0.0,1.0,1.0,1.0,0.0,0.0,13.0,1.0,2.0,4.0,5.0
2020-08-16,14,29,11,11,0,27,18,8,43,15,0.0,28.0,0.0,19.0,33.0,0.0,29.0,4.0,18.0,24.0,3.0,0.0,1.0,2.0,1.0,1.0,0.0,10.0,2.0,2.0,8.0,3.0
2020-08-23,48,29,11,34,5,28,18,10,45,12,0.0,85.0,0.0,19.0,0.0,22.0,39.0,9.0,18.0,40.0,3.0,0.0,0.0,3.0,1.0,0.0,2.0,11.0,0.0,1.0,9.0,6.0
2020-08-30,7,43,17,0,0,20,9,10,53,13,0.0,70.0,0.0,21.0,0.0,22.0,38.0,9.0,26.0,49.0,3.0,0.0,1.0,2.0,3.0,0.0,0.0,12.0,1.0,3.0,5.0,5.0
2020-09-06,21,28,25,11,5,27,0,17,37,14,0.0,14.0,0.0,19.0,0.0,0.0,20.0,22.0,27.0,16.0,5.0,0.0,2.0,3.0,3.0,0.0,0.0,13.0,2.0,5.0,8.0,5.0
2020-09-13,13,35,38,11,0,22,26,20,52,21,0.0,27.0,16.0,20.0,0.0,0.0,19.0,17.0,26.0,31.0,5.0,0.0,0.0,2.0,7.0,1.0,0.0,10.0,0.0,4.0,6.0,7.0
2020-09-20,13,42,38,11,9,29,9,40,44,13,0.0,55.0,0.0,22.0,32.0,0.0,9.0,26.0,35.0,16.0,6.0,1.0,1.0,2.0,5.0,0.0,1.0,13.0,1.0,2.0,6.0,4.0
2020-09-27,7,36,20,23,14,24,27,23,37,21,0.0,28.0,0.0,18.0,0.0,22.0,39.0,22.0,9.0,56.0,14.0,1.0,1.0,2.0,3.0,0.0,1.0,9.0,1.0,5.0,6.0,5.0
2020-10-04,0,44,79,0,28,27,36,23,35,14,0.0,29.0,0.0,18.0,33.0,22.0,29.0,9.0,27.0,8.0,7.0,0.0,0.0,2.0,7.0,0.0,2.0,15.0,2.0,3.0,6.0,4.0
2020-10-11,15,32,40,12,5,35,10,17,41,12,0.0,0.0,18.0,14.0,36.0,0.0,21.0,10.0,20.0,9.0,8.0,0.0,1.0,2.0,10.0,0.0,0.0,12.0,0.0,6.0,4.0,4.0
2020-10-18,7,24,60,0,0,39,0,53,55,16,0.0,46.0,0.0,14.0,35.0,24.0,31.0,24.0,29.0,17.0,5.0,0.0,2.0,1.0,6.0,0.0,0.0,17.0,0.0,4.0,7.0,5.0
2020-10-25,15,39,87,0,15,26,19,33,38,18,53.0,61.0,0.0,17.0,0.0,0.0,10.0,24.0,19.0,9.0,6.0,0.0,0.0,1.0,6.0,0.0,0.0,8.0,1.0,7.0,5.0,8.0
2020-11-01,13,35,38,11,0,29,17,22,37,10,16.0,27.0,0.0,11.0,0.0,0.0,0.0,34.0,0.0,24.0,3.0,0.0,1.0,2.0,8.0,0.0,0.0,10.0,1.0,3.0,5.0,6.0
2020-11-08,64,45,32,47,0,29,9,40,50,28,0.0,29.0,0.0,17.0,0.0,0.0,30.0,5.0,9.0,25.0,4.0,0.0,2.0,2.0,2.0,0.0,0.0,12.0,1.0,4.0,5.0,9.0
2020-11-15,35,38,37,12,0,40,18,50,33,19,0.0,29.0,17.0,13.0,0.0,0.0,40.0,18.0,28.0,0.0,5.0,0.0,2.0,2.0,5.0,0.0,0.0,17.0,1.0,2.0,6.0,6.0
2020-11-22,41,51,22,11,5,28,9,36,38,32,0.0,14.0,0.0,9.0,0.0,22.0,20.0,4.0,18.0,24.0,3.0,0.0,3.0,1.0,4.0,1.0,2.0,13.0,1.0,4.0,5.0,10.0
2020-11-29,70,15,31,23,10,39,18,23,46,37,0.0,58.0,0.0,13.0,33.0,0.0,40.0,9.0,9.0,33.0,5.0,0.0,3.0,2.0,7.0,1.0,0.0,15.0,0.0,2.0,7.0,10.0
2020-12-06,21,15,20,23,5,36,9,29,45,33,34.0,44.0,0.0,13.0,0.0,0.0,20.0,5.0,19.0,8.0,4.0,0.0,2.0,2.0,5.0,0.0,0.0,10.0,0.0,4.0,8.0,10.0
2020-12-13,72,31,18,0,10,31,9,27,45,29,0.0,73.0,0.0,10.0,0.0,46.0,10.0,5.0,37.0,34.0,6.0,0.0,5.0,2.0,2.0,0.0,2.0,13.0,0.0,2.0,9.0,8.0
2020-12-20,62,74,25,38,37,30,10,20,48,65,0.0,16.0,0.0,12.0,73.0,0.0,22.0,5.0,10.0,37.0,5.0,0.0,3.0,3.0,6.0,0.0,1.0,24.0,1.0,3.0,10.0,21.0
2020-12-27,22,39,21,12,20,45,10,44,64,100,18.0,62.0,0.0,20.0,0.0,24.0,64.0,19.0,10.0,26.0,5.0,0.0,3.0,2.0,4.0,0.0,1.0,21.0,1.0,3.0,10.0,38.0
2021-01-03,28,43,25,0,19,34,0,28,72,60,0.0,14.0,0.0,31.0,0.0,22.0,19.0,22.0,18.0,33.0,7.0,0.0,0.0,1.0,2.0,0.0,1.0,17.0,1.0,4.0,9.0,24.0
2021-01-10,7,30,9,47,10,47,27,26,44,63,0.0,57.0,16.0,21.0,0.0,22.0,49.0,27.0,45.0,8.0,5.0,0.0,2.0,2.0,3.0,1.0,0.0,17.0,1.0,6.0,7.0,23.0
2021-01-17,7,29,17,0,14,35,100,44,49,63,0.0,29.0,0.0,23.0,0.0,22.0,39.0,22.0,0.0,25.0,5.0,0.0,0.0,1.0,1.0,1.0,2.0,16.0,2.0,2.0,6.0,23.0
2021-01-24,14,81,8,34,14,46,36,34,49,44,0.0,29.0,16.0,25.0,0.0,22.0,29.0,27.0,0.0,41.0,3.0,0.0,1.0,1.0,1.0,0.0,2.0,15.0,1.0,2.0,7.0,18.0
2021-01-31,21,37,17,12,10,38,9,34,52,55,17.0,43.0,0.0,28.0,0.0,0.0,10.0,27.0,18.0,41.0,4.0,0.0,2.0,2.0,4.0,0.0,1.0,17.0,1.0,3.0,9.0,19.0
2021-02-07,35,96,11,12,10,40,36,23,33,38,0.0,43.0,0.0,20.0,0.0,0.0,29.0,13.0,18.0,42.0,3.0,0.0,4.0,3.0,4.0,0.0,1.0,15.0,1.0,2.0,6.0,11.0
2021-02-14,29,38,23,35,15,37,28,27,45,42,0.0,15.0,0.0,20.0,0.0,23.0,31.0,23.0,9.0,8.0,3.0,0.0,2.0,2.0,2.0,1.0,1.0,19.0,1.0,2.0,8.0,13.0
2021-02-21,36,52,26,24,0,25,56,26,58,33,0.0,0.0,0.0,14.0,34.0,0.0,20.0,32.0,0.0,50.0,4.0,0.0,2.0,2.0,2.0,1.0,0.0,14.0,1.0,2.0,9.0,10.0
2021-02-28,22,30,9,36,5,24,56,29,50,34,0.0,15.0,0.0,19.0,0.0,0.0,20.0,9.0,0.0,17.0,4.0,0.0,1.0,4.0,3.0,1.0,1.0,12.0,0.0,4.0,10.0,15.0
2021-03-07,7,23,6,24,5,27,37,29,42,29,0.0,73.0,33.0,18.0,34.0,0.0,60.0,18.0,27.0,25.0,2.0,0.0,1.0,1.0,1.0,0.0,0.0,11.0,0.0,5.0,8.0,14.0
2021-03-14,0,7,14,45,9,30,9,20,40,32,0.0,56.0,16.0,13.0,0.0,0.0,29.0,22.0,0.0,48.0,2.0,0.0,2.0,0.0,1.0,0.0,0.0,11.0,0.0,1.0,3.0,11.0
2021-03-21,36,15,21,12,0,26,9,24,50,35,0.0,0.0,0.0,21.0,0.0,0.0,61.0,14.0,19.0,25.0,3.0,0.0,1.0,1.0,2.0,0.0,0.0,13.0,0.0,1.0,5.0,12.0
