Week,Easy cookie recipes: (Canada)
2016-04-03,26
2016-04-10,26
2016-04-17,27
2016-04-24,9
2016-05-01,9
2016-05-08,18
2016-05-15,9
2016-05-22,20
2016-05-29,9
2016-06-05,9
2016-06-12,27
2016-06-19,19
2016-06-26,19
2016-07-03,48
2016-07-10,10
2016-07-17,10
2016-07-24,10
2016-07-31,10
2016-08-07,10
2016-08-14,11
2016-08-21,20
2016-08-28,10
2016-09-04,20
2016-09-11,28
2016-09-18,9
2016-09-25,28
2016-10-02,9
2016-10-09,10
2016-10-16,18
2016-10-23,18
2016-10-30,46
2016-11-06,35
2016-11-13,27
2016-11-20,44
2016-11-27,87
2016-12-04,69
2016-12-11,88
2016-12-18,56
2016-12-25,0
2017-01-01,0
2017-01-08,9
2017-01-15,17
2017-01-22,33
2017-01-29,34
2017-02-05,0
2017-02-12,25
2017-02-19,8
2017-02-26,16
2017-03-05,16
2017-03-12,56
2017-03-19,17
2017-03-26,25
2017-04-02,25
2017-04-09,8
2017-04-16,16
2017-04-23,17
2017-04-30,8
2017-05-07,42
2017-05-14,46
2017-05-21,9
2017-05-28,36
2017-06-04,27
2017-06-11,36
2017-06-18,17
2017-06-25,9
2017-07-02,0
2017-07-09,19
2017-07-16,0
2017-07-23,0
2017-07-30,9
2017-08-06,27
2017-08-13,36
2017-08-20,9
2017-08-27,36
2017-09-03,43
2017-09-10,25
2017-09-17,0
2017-09-24,25
2017-10-01,17
2017-10-08,34
2017-10-15,0
2017-10-22,8
2017-10-29,49
2017-11-05,48
2017-11-12,40
2017-11-19,32
2017-11-26,72
2017-12-03,89
2017-12-10,66
2017-12-17,84
2017-12-24,27
2017-12-31,24
2018-01-07,8
2018-01-14,0
2018-01-21,39
2018-01-28,16
2018-02-04,31
2018-02-11,40
2018-02-18,40
2018-02-25,39
2018-03-04,47
2018-03-11,48
2018-03-18,16
2018-03-25,32
2018-04-01,15
2018-04-08,30
2018-04-15,53
2018-04-22,16
2018-04-29,24
2018-05-06,8
2018-05-13,17
2018-05-20,8
2018-05-27,16
2018-06-03,32
2018-06-10,40
2018-06-17,16
2018-06-24,33
2018-07-01,17
2018-07-08,32
2018-07-15,17
2018-07-22,33
2018-07-29,0
2018-08-05,25
2018-08-12,25
2018-08-19,17
2018-08-26,25
2018-09-02,0
2018-09-09,16
2018-09-16,0
2018-09-23,16
2018-09-30,16
2018-10-07,25
2018-10-14,32
2018-10-21,8
2018-10-28,0
2018-11-04,23
2018-11-11,24
2018-11-18,39
2018-11-25,47
2018-12-02,48
2018-12-09,25
2018-12-16,100
2018-12-23,19
2018-12-30,9
2019-01-06,8
2019-01-13,23
2019-01-20,46
2019-01-27,23
2019-02-03,15
2019-02-10,54
2019-02-17,32
2019-02-24,46
2019-03-03,16
2019-03-10,24
2019-03-17,8
2019-03-24,8
2019-03-31,23
2019-04-07,15
2019-04-14,23
2019-04-21,31
2019-04-28,16
2019-05-05,16
2019-05-12,8
2019-05-19,0
2019-05-26,8
2019-06-02,22
2019-06-09,8
2019-06-16,23
2019-06-23,0
2019-06-30,24
2019-07-07,32
2019-07-14,8
2019-07-21,25
2019-07-28,0
2019-08-04,0
2019-08-11,0
2019-08-18,8
2019-08-25,8
2019-09-01,0
2019-09-08,22
2019-09-15,30
2019-09-22,0
2019-09-29,22
2019-10-06,51
2019-10-13,7
2019-10-20,35
2019-10-27,22
2019-11-03,28
2019-11-10,21
2019-11-17,29
2019-11-24,49
2019-12-01,78
2019-12-08,82
2019-12-15,38
2019-12-22,49
2019-12-29,0
2020-01-05,35
2020-01-12,7
2020-01-19,51
2020-01-26,7
2020-02-02,7
2020-02-09,21
2020-02-16,7
2020-02-23,13
2020-03-01,27
2020-03-08,13
2020-03-15,44
2020-03-22,79
2020-03-29,77
2020-04-05,82
2020-04-12,59
2020-04-19,35
2020-04-26,54
2020-05-03,41
2020-05-10,42
2020-05-17,19
2020-05-24,37
2020-05-31,0
2020-06-07,18
2020-06-14,13
2020-06-21,20
2020-06-28,34
2020-07-05,33
2020-07-12,34
2020-07-19,7
2020-07-26,0
2020-08-02,7
2020-08-09,0
2020-08-16,14
2020-08-23,48
2020-08-30,7
2020-09-06,21
2020-09-13,13
2020-09-20,13
2020-09-27,7
2020-10-04,0
2020-10-11,15
2020-10-18,7
2020-10-25,15
2020-11-01,13
2020-11-08,64
2020-11-15,35
2020-11-22,41
2020-11-29,70
2020-12-06,21
2020-12-13,72
2020-12-20,62
2020-12-27,22
2021-01-03,28
2021-01-10,7
2021-01-17,7
2021-01-24,14
2021-01-31,21
2021-02-07,35
2021-02-14,29
2021-02-21,36
2021-02-28,22
2021-03-07,7
2021-03-14,0
2021-03-21,36