Week,Buttermilk recipes: (Canada)
2016-04-03,45
2016-04-10,28
2016-04-17,19
2016-04-24,28
2016-05-01,38
2016-05-08,10
2016-05-15,20
2016-05-22,20
2016-05-29,10
2016-06-05,38
2016-06-12,29
2016-06-19,20
2016-06-26,20
2016-07-03,21
2016-07-10,10
2016-07-17,0
2016-07-24,21
2016-07-31,0
2016-08-07,11
2016-08-14,11
2016-08-21,75
2016-08-28,21
2016-09-04,61
2016-09-11,60
2016-09-18,10
2016-09-25,0
2016-10-02,19
2016-10-09,39
2016-10-16,19
2016-10-23,19
2016-10-30,19
2016-11-06,28
2016-11-13,19
2016-11-20,9
2016-11-27,55
2016-12-04,9
2016-12-11,9
2016-12-18,0
2016-12-25,31
2017-01-01,56
2017-01-08,18
2017-01-15,36
2017-01-22,26
2017-01-29,26
2017-02-05,9
2017-02-12,17
2017-02-19,0
2017-02-26,17
2017-03-05,17
2017-03-12,34
2017-03-19,17
2017-03-26,17
2017-04-02,9
2017-04-09,36
2017-04-16,35
2017-04-23,27
2017-04-30,9
2017-05-07,0
2017-05-14,10
2017-05-21,38
2017-05-28,28
2017-06-04,9
2017-06-11,47
2017-06-18,27
2017-06-25,10
2017-07-02,50
2017-07-09,0
2017-07-16,20
2017-07-23,39
2017-07-30,10
2017-08-06,48
2017-08-13,28
2017-08-20,19
2017-08-27,10
2017-09-03,18
2017-09-10,44
2017-09-17,36
2017-09-24,0
2017-10-01,9
2017-10-08,0
2017-10-15,17
2017-10-22,43
2017-10-29,9
2017-11-05,8
2017-11-12,17
2017-11-19,25
2017-11-26,0
2017-12-03,17
2017-12-10,9
2017-12-17,45
2017-12-24,29
2017-12-31,17
2018-01-07,25
2018-01-14,25
2018-01-21,25
2018-01-28,25
2018-02-04,8
2018-02-11,25
2018-02-18,0
2018-02-25,16
2018-03-04,17
2018-03-11,42
2018-03-18,17
2018-03-25,42
2018-04-01,16
2018-04-08,0
2018-04-15,8
2018-04-22,17
2018-04-29,0
2018-05-06,34
2018-05-13,26
2018-05-20,26
2018-05-27,17
2018-06-03,8
2018-06-10,16
2018-06-17,25
2018-06-24,26
2018-07-01,35
2018-07-08,17
2018-07-15,9
2018-07-22,26
2018-07-29,18
2018-08-05,35
2018-08-12,0
2018-08-19,9
2018-08-26,17
2018-09-02,26
2018-09-09,8
2018-09-16,33
2018-09-23,17
2018-09-30,0
2018-10-07,9
2018-10-14,17
2018-10-21,25
2018-10-28,17
2018-11-04,16
2018-11-11,17
2018-11-18,33
2018-11-25,8
2018-12-02,42
2018-12-09,26
2018-12-16,18
2018-12-23,20
2018-12-30,18
2019-01-06,17
2019-01-13,16
2019-01-20,57
2019-01-27,8
2019-02-03,71
2019-02-10,32
2019-02-17,58
2019-02-24,8
2019-03-03,41
2019-03-10,42
2019-03-17,17
2019-03-24,25
2019-03-31,41
2019-04-07,8
2019-04-14,8
2019-04-21,25
2019-04-28,33
2019-05-05,17
2019-05-12,17
2019-05-19,42
2019-05-26,25
2019-06-02,0
2019-06-09,16
2019-06-16,17
2019-06-23,8
2019-06-30,9
2019-07-07,8
2019-07-14,51
2019-07-21,18
2019-07-28,18
2019-08-04,0
2019-08-11,42
2019-08-18,8
2019-08-25,17
2019-09-01,23
2019-09-08,31
2019-09-15,23
2019-09-22,23
2019-09-29,23
2019-10-06,23
2019-10-13,23
2019-10-20,7
2019-10-27,31
2019-11-03,22
2019-11-10,15
2019-11-17,30
2019-11-24,59
2019-12-01,15
2019-12-08,8
2019-12-15,16
2019-12-22,17
2019-12-29,32
2020-01-05,37
2020-01-12,43
2020-01-19,60
2020-01-26,22
2020-02-02,29
2020-02-09,22
2020-02-16,15
2020-02-23,21
2020-03-01,28
2020-03-08,7
2020-03-15,74
2020-03-22,64
2020-03-29,56
2020-04-05,94
2020-04-12,74
2020-04-19,50
2020-04-26,88
2020-05-03,100
2020-05-10,70
2020-05-17,73
2020-05-24,39
2020-05-31,50
2020-06-07,13
2020-06-14,14
2020-06-21,21
2020-06-28,43
2020-07-05,42
2020-07-12,15
2020-07-19,44
2020-07-26,37
2020-08-02,29
2020-08-09,22
2020-08-16,29
2020-08-23,29
2020-08-30,43
2020-09-06,28
2020-09-13,35
2020-09-20,42
2020-09-27,36
2020-10-04,44
2020-10-11,32
2020-10-18,24
2020-10-25,39
2020-11-01,35
2020-11-08,45
2020-11-15,38
2020-11-22,51
2020-11-29,15
2020-12-06,15
2020-12-13,31
2020-12-20,74
2020-12-27,39
2021-01-03,43
2021-01-10,30
2021-01-17,29
2021-01-24,81
2021-01-31,37
2021-02-07,96
2021-02-14,38
2021-02-21,52
2021-02-28,30
2021-03-07,23
2021-03-14,7
2021-03-21,15