Week,Bread recipes: (Canada)
2016-04-03,21
2016-04-10,27
2016-04-17,24
2016-04-24,30
2016-05-01,23
2016-05-08,24
2016-05-15,26
2016-05-22,29
2016-05-29,30
2016-06-05,28
2016-06-12,26
2016-06-19,12
2016-06-26,24
2016-07-03,23
2016-07-10,22
2016-07-17,26
2016-07-24,23
2016-07-31,30
2016-08-07,18
2016-08-14,27
2016-08-21,25
2016-08-28,17
2016-09-04,30
2016-09-11,38
2016-09-18,19
2016-09-25,24
2016-10-02,34
2016-10-09,37
2016-10-16,20
2016-10-23,24
2016-10-30,24
2016-11-06,24
2016-11-13,31
2016-11-20,21
2016-11-27,37
2016-12-04,22
2016-12-11,26
2016-12-18,38
2016-12-25,33
2017-01-01,44
2017-01-08,34
2017-01-15,33
2017-01-22,23
2017-01-29,28
2017-02-05,27
2017-02-12,34
2017-02-19,21
2017-02-26,21
2017-03-05,24
2017-03-12,29
2017-03-19,29
2017-03-26,20
2017-04-02,21
2017-04-09,26
2017-04-16,18
2017-04-23,28
2017-04-30,22
2017-05-07,26
2017-05-14,19
2017-05-21,20
2017-05-28,22
2017-06-04,21
2017-06-11,19
2017-06-18,25
2017-06-25,16
2017-07-02,14
2017-07-09,18
2017-07-16,31
2017-07-23,20
2017-07-30,17
2017-08-06,26
2017-08-13,33
2017-08-20,18
2017-08-27,21
2017-09-03,35
2017-09-10,30
2017-09-17,25
2017-09-24,20
2017-10-01,24
2017-10-08,27
2017-10-15,31
2017-10-22,19
2017-10-29,21
2017-11-05,28
2017-11-12,39
2017-11-19,16
2017-11-26,23
2017-12-03,36
2017-12-10,19
2017-12-17,34
2017-12-24,38
2017-12-31,42
2018-01-07,27
2018-01-14,26
2018-01-21,28
2018-01-28,25
2018-02-04,35
2018-02-11,21
2018-02-18,27
2018-02-25,15
2018-03-04,17
2018-03-11,29
2018-03-18,23
2018-03-25,24
2018-04-01,20
2018-04-08,30
2018-04-15,37
2018-04-22,20
2018-04-29,18
2018-05-06,20
2018-05-13,19
2018-05-20,26
2018-05-27,25
2018-06-03,31
2018-06-10,18
2018-06-17,22
2018-06-24,26
2018-07-01,18
2018-07-08,18
2018-07-15,27
2018-07-22,18
2018-07-29,19
2018-08-05,25
2018-08-12,25
2018-08-19,25
2018-08-26,17
2018-09-02,20
2018-09-09,21
2018-09-16,29
2018-09-23,25
2018-09-30,26
2018-10-07,19
2018-10-14,23
2018-10-21,17
2018-10-28,24
2018-11-04,17
2018-11-11,31
2018-11-18,27
2018-11-25,23
2018-12-02,25
2018-12-09,27
2018-12-16,23
2018-12-23,42
2018-12-30,23
2019-01-06,29
2019-01-13,27
2019-01-20,27
2019-01-27,25
2019-02-03,30
2019-02-10,25
2019-02-17,34
2019-02-24,33
2019-03-03,17
2019-03-10,25
2019-03-17,25
2019-03-24,20
2019-03-31,16
2019-04-07,25
2019-04-14,30
2019-04-21,16
2019-04-28,17
2019-05-05,17
2019-05-12,15
2019-05-19,23
2019-05-26,21
2019-06-02,18
2019-06-09,16
2019-06-16,17
2019-06-23,18
2019-06-30,16
2019-07-07,20
2019-07-14,10
2019-07-21,16
2019-07-28,23
2019-08-04,11
2019-08-11,23
2019-08-18,17
2019-08-25,25
2019-09-01,26
2019-09-08,30
2019-09-15,29
2019-09-22,27
2019-09-29,22
2019-10-06,28
2019-10-13,27
2019-10-20,18
2019-10-27,21
2019-11-03,19
2019-11-10,24
2019-11-17,19
2019-11-24,26
2019-12-01,20
2019-12-08,27
2019-12-15,16
2019-12-22,34
2019-12-29,30
2020-01-05,31
2020-01-12,29
2020-01-19,19
2020-01-26,22
2020-02-02,22
2020-02-09,25
2020-02-16,29
2020-02-23,28
2020-03-01,40
2020-03-08,27
2020-03-15,63
2020-03-22,97
2020-03-29,79
2020-04-05,86
2020-04-12,66
2020-04-19,100
2020-04-26,82
2020-05-03,54
2020-05-10,52
2020-05-17,37
2020-05-24,35
2020-05-31,38
2020-06-07,40
2020-06-14,31
2020-06-21,21
2020-06-28,25
2020-07-05,26
2020-07-12,22
2020-07-19,24
2020-07-26,25
2020-08-02,27
2020-08-09,22
2020-08-16,27
2020-08-23,28
2020-08-30,20
2020-09-06,27
2020-09-13,22
2020-09-20,29
2020-09-27,24
2020-10-04,27
2020-10-11,35
2020-10-18,39
2020-10-25,26
2020-11-01,29
2020-11-08,29
2020-11-15,40
2020-11-22,28
2020-11-29,39
2020-12-06,36
2020-12-13,31
2020-12-20,30
2020-12-27,45
2021-01-03,34
2021-01-10,47
2021-01-17,35
2021-01-24,46
2021-01-31,38
2021-02-07,40
2021-02-14,37
2021-02-21,25
2021-02-28,24
2021-03-07,27
2021-03-14,30
2021-03-21,26