Week,Crock Pot recipes: (Canada)
2016-04-03,48
2016-04-10,42
2016-04-17,46
2016-04-24,43
2016-05-01,27
2016-05-08,24
2016-05-15,45
2016-05-22,61
2016-05-29,24
2016-06-05,37
2016-06-12,51
2016-06-19,31
2016-06-26,25
2016-07-03,33
2016-07-10,25
2016-07-17,30
2016-07-24,26
2016-07-31,58
2016-08-07,52
2016-08-14,23
2016-08-21,60
2016-08-28,37
2016-09-04,54
2016-09-11,67
2016-09-18,92
2016-09-25,55
2016-10-02,61
2016-10-09,100
2016-10-16,53
2016-10-23,65
2016-10-30,76
2016-11-06,42
2016-11-13,61
2016-11-20,55
2016-11-27,78
2016-12-04,61
2016-12-11,62
2016-12-18,67
2016-12-25,66
2017-01-01,73
2017-01-08,66
2017-01-15,82
2017-01-22,49
2017-01-29,52
2017-02-05,52
2017-02-12,28
2017-02-19,31
2017-02-26,47
2017-03-05,44
2017-03-12,42
2017-03-19,37
2017-03-26,37
2017-04-02,21
2017-04-09,38
2017-04-16,21
2017-04-23,38
2017-04-30,46
2017-05-07,22
2017-05-14,20
2017-05-21,3
2017-05-28,17
2017-06-04,26
2017-06-11,26
2017-06-18,29
2017-06-25,24
2017-07-02,14
2017-07-09,24
2017-07-16,38
2017-07-23,31
2017-07-30,41
2017-08-06,30
2017-08-13,30
2017-08-20,17
2017-08-27,40
2017-09-03,42
2017-09-10,47
2017-09-17,63
2017-09-24,44
2017-10-01,69
2017-10-08,47
2017-10-15,57
2017-10-22,43
2017-10-29,69
2017-11-05,68
2017-11-12,35
2017-11-19,86
2017-11-26,71
2017-12-03,54
2017-12-10,55
2017-12-17,66
2017-12-24,51
2017-12-31,96
2018-01-07,85
2018-01-14,64
2018-01-21,55
2018-01-28,35
2018-02-04,49
2018-02-11,61
2018-02-18,29
2018-02-25,46
2018-03-04,47
2018-03-11,33
2018-03-18,50
2018-03-25,21
2018-04-01,26
2018-04-08,31
2018-04-15,45
2018-04-22,17
2018-04-29,20
2018-05-06,21
2018-05-13,27
2018-05-20,16
2018-05-27,33
2018-06-03,35
2018-06-10,17
2018-06-17,18
2018-06-24,31
2018-07-01,12
2018-07-08,21
2018-07-15,9
2018-07-22,24
2018-07-29,22
2018-08-05,6
2018-08-12,12
2018-08-19,34
2018-08-26,31
2018-09-02,51
2018-09-09,65
2018-09-16,75
2018-09-23,67
2018-09-30,65
2018-10-07,34
2018-10-14,57
2018-10-21,63
2018-10-28,54
2018-11-04,60
2018-11-11,44
2018-11-18,38
2018-11-25,66
2018-12-02,45
2018-12-09,34
2018-12-16,57
2018-12-23,45
2018-12-30,70
2019-01-06,29
2019-01-13,64
2019-01-20,49
2019-01-27,41
2019-02-03,47
2019-02-10,37
2019-02-17,26
2019-02-24,34
2019-03-03,12
2019-03-10,24
2019-03-17,15
2019-03-24,27
2019-03-31,20
2019-04-07,22
2019-04-14,20
2019-04-21,15
2019-04-28,32
2019-05-05,18
2019-05-12,12
2019-05-19,12
2019-05-26,14
2019-06-02,22
2019-06-09,8
2019-06-16,18
2019-06-23,15
2019-06-30,18
2019-07-07,6
2019-07-14,12
2019-07-21,12
2019-07-28,12
2019-08-04,15
2019-08-11,18
2019-08-18,18
2019-08-25,17
2019-09-01,16
2019-09-08,35
2019-09-15,30
2019-09-22,30
2019-09-29,64
2019-10-06,35
2019-10-13,30
2019-10-20,37
2019-10-27,35
2019-11-03,42
2019-11-10,42
2019-11-17,21
2019-11-24,23
2019-12-01,24
2019-12-08,36
2019-12-15,22
2019-12-22,27
2019-12-29,44
2020-01-05,34
2020-01-12,33
2020-01-19,29
2020-01-26,29
2020-02-02,29
2020-02-09,23
2020-02-16,31
2020-02-23,30
2020-03-01,17
2020-03-08,17
2020-03-15,24
2020-03-22,31
2020-03-29,26
2020-04-05,22
2020-04-12,24
2020-04-19,27
2020-04-26,18
2020-05-03,11
2020-05-10,29
2020-05-17,12
2020-05-24,18
2020-05-31,31
2020-06-07,25
2020-06-14,14
2020-06-21,10
2020-06-28,15
2020-07-05,17
2020-07-12,10
2020-07-19,13
2020-07-26,18
2020-08-02,8
2020-08-09,3
2020-08-16,8
2020-08-23,10
2020-08-30,10
2020-09-06,17
2020-09-13,20
2020-09-20,40
2020-09-27,23
2020-10-04,23
2020-10-11,17
2020-10-18,53
2020-10-25,33
2020-11-01,22
2020-11-08,40
2020-11-15,50
2020-11-22,36
2020-11-29,23
2020-12-06,29
2020-12-13,27
2020-12-20,20
2020-12-27,44
2021-01-03,28
2021-01-10,26
2021-01-17,44
2021-01-24,34
2021-01-31,34
2021-02-07,23
2021-02-14,27
2021-02-21,26
2021-02-28,29
2021-03-07,29
2021-03-14,20
2021-03-21,24