Week,Breakfast recipes: (Canada)
2016-04-03,33
2016-04-10,58
2016-04-17,56
2016-04-24,65
2016-05-01,53
2016-05-08,35
2016-05-15,33
2016-05-22,68
2016-05-29,43
2016-06-05,21
2016-06-12,54
2016-06-19,44
2016-06-26,49
2016-07-03,54
2016-07-10,34
2016-07-17,43
2016-07-24,51
2016-07-31,36
2016-08-07,39
2016-08-14,36
2016-08-21,36
2016-08-28,66
2016-09-04,30
2016-09-11,33
2016-09-18,32
2016-09-25,43
2016-10-02,47
2016-10-09,54
2016-10-16,42
2016-10-23,54
2016-10-30,22
2016-11-06,55
2016-11-13,28
2016-11-20,51
2016-11-27,41
2016-12-04,31
2016-12-11,79
2016-12-18,100
2016-12-25,77
2017-01-01,59
2017-01-08,23
2017-01-15,40
2017-01-22,26
2017-01-29,68
2017-02-05,64
2017-02-12,64
2017-02-19,53
2017-02-26,68
2017-03-05,40
2017-03-12,35
2017-03-19,35
2017-03-26,54
2017-04-02,35
2017-04-09,30
2017-04-16,32
2017-04-23,33
2017-04-30,36
2017-05-07,53
2017-05-14,50
2017-05-21,39
2017-05-28,35
2017-06-04,38
2017-06-11,28
2017-06-18,20
2017-06-25,40
2017-07-02,52
2017-07-09,25
2017-07-16,55
2017-07-23,50
2017-07-30,28
2017-08-06,67
2017-08-13,52
2017-08-20,49
2017-08-27,42
2017-09-03,64
2017-09-10,56
2017-09-17,49
2017-09-24,36
2017-10-01,46
2017-10-08,23
2017-10-15,67
2017-10-22,22
2017-10-29,38
2017-11-05,62
2017-11-12,40
2017-11-19,59
2017-11-26,59
2017-12-03,35
2017-12-10,32
2017-12-17,96
2017-12-24,86
2017-12-31,49
2018-01-07,58
2018-01-14,52
2018-01-21,52
2018-01-28,46
2018-02-04,24
2018-02-11,28
2018-02-18,49
2018-02-25,30
2018-03-04,56
2018-03-11,94
2018-03-18,55
2018-03-25,53
2018-04-01,36
2018-04-08,41
2018-04-15,32
2018-04-22,52
2018-04-29,43
2018-05-06,69
2018-05-13,38
2018-05-20,42
2018-05-27,41
2018-06-03,43
2018-06-10,81
2018-06-17,47
2018-06-24,39
2018-07-01,49
2018-07-08,44
2018-07-15,59
2018-07-22,45
2018-07-29,39
2018-08-05,65
2018-08-12,51
2018-08-19,29
2018-08-26,45
2018-09-02,57
2018-09-09,68
2018-09-16,54
2018-09-23,55
2018-09-30,75
2018-10-07,45
2018-10-14,19
2018-10-21,28
2018-10-28,60
2018-11-04,36
2018-11-11,50
2018-11-18,39
2018-11-25,55
2018-12-02,47
2018-12-09,45
2018-12-16,50
2018-12-23,73
2018-12-30,57
2019-01-06,65
2019-01-13,67
2019-01-20,63
2019-01-27,43
2019-02-03,56
2019-02-10,60
2019-02-17,37
2019-02-24,42
2019-03-03,36
2019-03-10,34
2019-03-17,56
2019-03-24,56
2019-03-31,54
2019-04-07,55
2019-04-14,45
2019-04-21,37
2019-04-28,45
2019-05-05,69
2019-05-12,31
2019-05-19,22
2019-05-26,43
2019-06-02,32
2019-06-09,38
2019-06-16,49
2019-06-23,44
2019-06-30,58
2019-07-07,31
2019-07-14,34
2019-07-21,46
2019-07-28,26
2019-08-04,39
2019-08-11,50
2019-08-18,16
2019-08-25,58
2019-09-01,40
2019-09-08,31
2019-09-15,34
2019-09-22,40
2019-09-29,39
2019-10-06,48
2019-10-13,46
2019-10-20,25
2019-10-27,54
2019-11-03,67
2019-11-10,56
2019-11-17,61
2019-11-24,52
2019-12-01,60
2019-12-08,38
2019-12-15,62
2019-12-22,82
2019-12-29,67
2020-01-05,82
2020-01-12,53
2020-01-19,52
2020-01-26,41
2020-02-02,44
2020-02-09,60
2020-02-16,40
2020-02-23,42
2020-03-01,46
2020-03-08,27
2020-03-15,42
2020-03-22,40
2020-03-29,79
2020-04-05,81
2020-04-12,76
2020-04-19,63
2020-04-26,74
2020-05-03,69
2020-05-10,66
2020-05-17,68
2020-05-24,55
2020-05-31,51
2020-06-07,43
2020-06-14,43
2020-06-21,39
2020-06-28,45
2020-07-05,68
2020-07-12,40
2020-07-19,63
2020-07-26,44
2020-08-02,48
2020-08-09,43
2020-08-16,43
2020-08-23,45
2020-08-30,53
2020-09-06,37
2020-09-13,52
2020-09-20,44
2020-09-27,37
2020-10-04,35
2020-10-11,41
2020-10-18,55
2020-10-25,38
2020-11-01,37
2020-11-08,50
2020-11-15,33
2020-11-22,38
2020-11-29,46
2020-12-06,45
2020-12-13,45
2020-12-20,48
2020-12-27,64
2021-01-03,72
2021-01-10,44
2021-01-17,49
2021-01-24,49
2021-01-31,52
2021-02-07,33
2021-02-14,45
2021-02-21,58
2021-02-28,50
2021-03-07,42
2021-03-14,40
2021-03-21,50